split_type,model_name,fraction,seed,test_mse,test_cross_entropy
problem,ev,0.02,42,0.06501115886038804,0.7253576467266556
problem,eu,0.02,42,0.050946500504190154,0.6946228716706773
problem,pt3,0.02,42,0.0507751052022092,0.6942784050957063
problem,pt5,0.02,42,0.0507095007462675,0.6941488406863805
problem,ev,0.04,42,0.06501115886038804,0.7253576467266556
problem,eu,0.04,42,0.050946500504190154,0.6946228716706773
problem,pt3,0.04,42,0.05087808952248033,0.6944843885593113
problem,pt5,0.04,42,0.05088697610837638,0.6945145752200177
problem,ev,0.06,42,0.06501115886038804,0.7253576467266556
problem,eu,0.06,42,0.050946500504190154,0.6946228716706773
problem,pt3,0.06,42,0.050894576965311036,0.6945173724759073
problem,pt5,0.06,42,0.05083851028961313,0.6944064194337352
problem,ev,0.08,42,0.06501115886038804,0.7253576467266556
problem,eu,0.08,42,0.050946500504190154,0.6946228716706773
problem,pt3,0.08,42,0.05092163521779344,0.6945715070848775
problem,pt5,0.08,42,0.05062214854219252,0.6939727366628725
problem,ev,0.1,42,0.06501115886038804,0.7253576467266556
problem,eu,0.1,42,0.050946500504190154,0.6946228716706773
problem,pt3,0.1,42,0.05096856357821067,0.6946654067786494
problem,pt5,0.1,42,0.050658975232349836,0.6940464685511013
problem,ev,0.12,42,0.06501115886038804,0.7253576467266556
problem,eu,0.12,42,0.050946500504190154,0.6946228716706773
problem,pt3,0.12,42,0.050883253303777666,0.6944947187961297
problem,pt5,0.12,42,0.05061204408607428,0.6939525012918742
problem,ev,0.14,42,0.06501115886038804,0.7253576467266556
problem,eu,0.14,42,0.050946500504190154,0.6946228716706773
problem,pt3,0.14,42,0.05091700953307206,0.6945622523114757
problem,pt5,0.14,42,0.05063927347498322,0.6940070263484223
problem,ev,0.16,42,0.06501115886038804,0.7253576467266556
problem,eu,0.16,42,0.050946500504190154,0.6946228716706773
problem,pt3,0.16,42,0.050948247419670044,0.6946247538415758
problem,pt5,0.16,42,0.05069681695332615,0.6941222075940574
problem,ev,0.18,42,0.06501115886038804,0.7253576467266556
problem,eu,0.18,42,0.050946500504190154,0.6946228716706773
problem,pt3,0.18,42,0.05097710179070663,0.694682492901434
problem,pt5,0.18,42,0.050722233801109955,0.6941735109827768
problem,ev,0.2,42,0.06501115886038804,0.7253576467266556
problem,eu,0.2,42,0.050946500504190154,0.6946228716706773
problem,pt3,0.2,42,0.05096387309440772,0.6946560207517309
problem,pt5,0.2,42,0.0507299114055543,0.6941884279548883
problem,ev,0.22,42,0.06501115886038804,0.7253576467266556
problem,eu,0.22,42,0.050946500504190154,0.6946228716706773
problem,pt3,0.22,42,0.050926313041885315,0.694580866313526
problem,pt5,0.22,42,0.050695759334250926,0.6941200911043053
problem,ev,0.24,42,0.06501115886038804,0.7253576467266556
problem,eu,0.24,42,0.050946500504190154,0.6946228716706773
problem,pt3,0.24,42,0.050933739590809074,0.6945957253915371
problem,pt5,0.24,42,0.0507088808599211,0.6941463485605585
problem,ev,0.26,42,0.06501115886038804,0.7253576467266556
problem,eu,0.26,42,0.050946500504190154,0.6946228716706773
problem,pt3,0.26,42,0.05089004737666735,0.6945083106736807
problem,pt5,0.26,42,0.05066256041337425,0.6940536451927249
problem,ev,0.28,42,0.06501115886038804,0.7253576467266556
problem,eu,0.28,42,0.050946500504190154,0.6946228716706773
problem,pt3,0.28,42,0.05092553095768147,0.6945793015366536
problem,pt5,0.28,42,0.050678296924445046,0.6940851431923546
problem,ev,0.3,42,0.06501115886038804,0.7253576467266556
problem,eu,0.3,42,0.050946500504190154,0.6946228716706773
problem,pt3,0.3,42,0.05091514252674579,0.694558516962506
problem,pt5,0.3,42,0.050643456145550374,0.6940154005149065
problem,ev,0.32,42,0.06501115886038804,0.7253576467266556
problem,eu,0.32,42,0.050946500504190154,0.6946228716706773
problem,pt3,0.32,42,0.05085526135686255,0.6944387220625039
problem,pt5,0.32,42,0.050572460971652945,0.6938732064117588
problem,ev,0.34,42,0.06501115886038804,0.7253576467266556
problem,eu,0.34,42,0.050946500504190154,0.6946228716706773
problem,pt3,0.34,42,0.05085050621640019,0.694429210009951
problem,pt5,0.34,42,0.05056225108682907,0.6938527456426788
problem,ev,0.36,42,0.06501115886038804,0.7253576467266556
problem,eu,0.36,42,0.050946500504190154,0.6946228716706773
problem,pt3,0.36,42,0.05080932294655715,0.6943468341611011
problem,pt5,0.36,42,0.05052773773585059,0.6937835441738143
problem,ev,0.38,42,0.06501115886038804,0.7253576467266556
problem,eu,0.38,42,0.050946500504190154,0.6946228716706773
problem,pt3,0.38,42,0.05081200431620472,0.6943521971006202
problem,pt5,0.38,42,0.05053491623405039,0.6937979435246789
problem,ev,0.4,42,0.06501115886038804,0.7253576467266556
problem,eu,0.4,42,0.050946500504190154,0.6946228716706773
problem,pt3,0.4,42,0.050816293953391,0.6943607768384937
problem,pt5,0.4,42,0.05053453219577363,0.6937971732833627
problem,ev,0.42,42,0.06501115886038804,0.7253576467266556
problem,eu,0.42,42,0.050946500504190154,0.6946228716706773
problem,pt3,0.42,42,0.05079769436738969,0.6943235770602776
problem,pt5,0.42,42,0.05053136593289489,0.6937908224921008
problem,ev,0.44,42,0.06501115886038804,0.7253576467266556
problem,eu,0.44,42,0.050946500504190154,0.6946228716706773
problem,pt3,0.44,42,0.05081331192430078,0.6943548124399773
problem,pt5,0.44,42,0.05054181310402382,0.6938117744599928
problem,ev,0.46,42,0.06501115886038804,0.7253576467266556
problem,eu,0.46,42,0.050946500504190154,0.6946228716706773
problem,pt3,0.46,42,0.05081442075625033,0.6943570302209398
problem,pt5,0.46,42,0.05053167252399698,0.6937914374767167
problem,ev,0.48,42,0.06501115886038804,0.7253576467266556
problem,eu,0.48,42,0.050946500504190154,0.6946228716706773
problem,pt3,0.48,42,0.050813145072795794,0.6943544787203465
problem,pt5,0.48,42,0.05053319685235603,0.6937944949857617
problem,ev,0.5,42,0.06501115886038804,0.7253576467266556
problem,eu,0.5,42,0.050946500504190154,0.6946228716706773
problem,pt3,0.5,42,0.05081239066867352,0.6943529698402471
problem,pt5,0.5,42,0.050536707693621404,0.6938015364050476
problem,ev,0.52,42,0.06501115886038804,0.7253576467266556
problem,eu,0.52,42,0.050946500504190154,0.6946228716706773
problem,pt3,0.52,42,0.050786040804090105,0.6943002719135183
problem,pt5,0.52,42,0.05050915055695115,0.6937462327577323
problem,ev,0.54,42,0.06501115886038804,0.7253576467266556
problem,eu,0.54,42,0.050946500504190154,0.6946228716706773
problem,pt3,0.54,42,0.050780081764711354,0.6942883558528082
problem,pt5,0.54,42,0.050507107249864944,0.6937421269866392
problem,ev,0.56,42,0.06501115886038804,0.7253576467266556
problem,eu,0.56,42,0.050946500504190154,0.6946228716706773
problem,pt3,0.56,42,0.05078689389422047,0.6943019778674957
problem,pt5,0.56,42,0.050506231909024306,0.6937403676778039
problem,ev,0.58,42,0.06501115886038804,0.7253576467266556
problem,eu,0.58,42,0.050946500504190154,0.6946228716706773
problem,pt3,0.58,42,0.050783685928506475,0.6942955628647947
problem,pt5,0.58,42,0.05050317579968363,0.6937342228274769
problem,ev,0.6,42,0.06501115886038804,0.7253576467266556
problem,eu,0.6,42,0.050946500504190154,0.6946228716706773
problem,pt3,0.6,42,0.050798102753592464,0.6943243938019515
problem,pt5,0.6,42,0.050507552459152574,0.6937430216908089
problem,ev,0.62,42,0.06501115886038804,0.7253576467266556
problem,eu,0.62,42,0.050946500504190154,0.6946228716706773
problem,pt3,0.62,42,0.050803493493514665,0.6943351750820734
problem,pt5,0.62,42,0.0505084862194623,0.6937448979933988
problem,ev,0.64,42,0.06501115886038804,0.7253576467266556
problem,eu,0.64,42,0.050946500504190154,0.6946228716706773
problem,pt3,0.64,42,0.05079903889561385,0.694326266024185
problem,pt5,0.64,42,0.05050333834069286,0.693734549761255
problem,ev,0.66,42,0.06501115886038804,0.7253576467266556
problem,eu,0.66,42,0.050946500504190154,0.6946228716706773
problem,pt3,0.66,42,0.05079727395834334,0.6943227362762528
problem,pt5,0.66,42,0.05049974984424805,0.6937273275205822
problem,ev,0.68,42,0.06501115886038804,0.7253576467266556
problem,eu,0.68,42,0.050946500504190154,0.6946228716706773
problem,pt3,0.68,42,0.05080276760421463,0.6943337233090754
problem,pt5,0.68,42,0.050498699725185885,0.6937252116518456
problem,ev,0.7,42,0.06501115886038804,0.7253576467266556
problem,eu,0.7,42,0.050946500504190154,0.6946228716706773
problem,pt3,0.7,42,0.050797367033165564,0.6943229224181409
problem,pt5,0.7,42,0.050497589124580716,0.6937229719961912
problem,ev,0.72,42,0.06501115886038804,0.7253576467266556
problem,eu,0.72,42,0.050946500504190154,0.6946228716706773
problem,pt3,0.72,42,0.0507972126501807,0.6943226136651035
problem,pt5,0.72,42,0.05049914853896224,0.6937261161418339
problem,ev,0.74,42,0.06501115886038804,0.7253576467266556
problem,eu,0.74,42,0.050946500504190154,0.6946228716706773
problem,pt3,0.74,42,0.050805266511717066,0.6943387211309279
problem,pt5,0.74,42,0.05049860866564998,0.6937250281033653
problem,ev,0.76,42,0.06501115886038804,0.7253576467266556
problem,eu,0.76,42,0.050946500504190154,0.6946228716706773
problem,pt3,0.76,42,0.050811321740509174,0.6943508318914834
problem,pt5,0.76,42,0.05049883219756136,0.6937254786530052
problem,ev,0.78,42,0.06501115886038804,0.7253576467266556
problem,eu,0.78,42,0.050946500504190154,0.6946228716706773
problem,pt3,0.78,42,0.05079643980596036,0.6943210680465036
problem,pt5,0.78,42,0.05049576964878297,0.6937192953304866
problem,ev,0.8,42,0.06501115886038804,0.7253576467266556
problem,eu,0.8,42,0.050946500504190154,0.6946228716706773
problem,pt3,0.8,42,0.050800005066938256,0.6943281983153822
problem,pt5,0.8,42,0.05049585203313488,0.6937194621359981
problem,ev,0.82,42,0.06501115886038804,0.7253576467266556
problem,eu,0.82,42,0.050946500504190154,0.6946228716706773
problem,pt3,0.82,42,0.050799762965435126,0.6943277141241098
problem,pt5,0.82,42,0.05049450037519057,0.693716715082066
problem,ev,0.84,42,0.06501115886038804,0.7253576467266556
problem,eu,0.84,42,0.050946500504190154,0.6946228716706773
problem,pt3,0.84,42,0.05080465623712325,0.6943375005733375
problem,pt5,0.84,42,0.050495607492689824,0.6937189668672544
problem,ev,0.86,42,0.06501115886038804,0.7253576467266556
problem,eu,0.86,42,0.050946500504190154,0.6946228716706773
problem,pt3,0.86,42,0.05080950708384685,0.6943472024471145
problem,pt5,0.86,42,0.05049589884946576,0.6937195569062293
problem,ev,0.88,42,0.06501115886038804,0.7253576467266556
problem,eu,0.88,42,0.050946500504190154,0.6946228716706773
problem,pt3,0.88,42,0.050789195941438034,0.6943065814214642
problem,pt5,0.88,42,0.050494111546863785,0.6937159086547489
problem,ev,0.9,42,0.06501115886038804,0.7253576467266556
problem,eu,0.9,42,0.050946500504190154,0.6946228716706773
problem,pt3,0.9,42,0.050789315119493576,0.6943068197522801
problem,pt5,0.9,42,0.05049409627898193,0.6937158753630467
problem,ev,0.92,42,0.06501115886038804,0.7253576467266556
problem,eu,0.92,42,0.050946500504190154,0.6946228716706773
problem,pt3,0.92,42,0.050790928960393354,0.6943100471164279
problem,pt5,0.92,42,0.05049453850625004,0.6937167931547267
problem,ev,0.94,42,0.06501115886038804,0.7253576467266556
problem,eu,0.94,42,0.050946500504190154,0.6946228716706773
problem,pt3,0.94,42,0.05078301109196457,0.6942942134150726
problem,pt5,0.94,42,0.05049440883058434,0.6937165272940017
problem,ev,0.96,42,0.06501115886038804,0.7253576467266556
problem,eu,0.96,42,0.050946500504190154,0.6946228716706773
problem,pt3,0.96,42,0.05077833601368969,0.6942848651033061
problem,pt5,0.96,42,0.05049516827631547,0.6937180759965599
problem,ev,0.98,42,0.06501115886038804,0.7253576467266556
problem,eu,0.98,42,0.050946500504190154,0.6946228716706773
problem,pt3,0.98,42,0.05078176523954645,0.694291722149806
problem,pt5,0.98,42,0.05049459443621643,0.6937169075447
problem,ev,1.0,42,0.06501115886038804,0.7253576467266556
problem,eu,1.0,42,0.050946500504190154,0.6946228716706773
problem,pt3,1.0,42,0.0507811923484053,0.6942905765818798
problem,pt5,1.0,42,0.050494437839544944,0.6937165868618623
parameter_amb,ev,0.02,42,0.06823183389692086,0.7253045588060919
parameter_amb,eu,0.02,42,0.054647710161509724,0.6954111652951989
parameter_amb,pt3,0.02,42,0.054647710161509724,0.6954111652951989
parameter_amb,pt5,0.02,42,0.054647710161509724,0.6954111652951989
parameter_amb,ev,0.04,42,0.06823183389692086,0.7253045588060919
parameter_amb,eu,0.04,42,0.054647710161509724,0.6954111652951989
parameter_amb,pt3,0.04,42,0.054347537721531704,0.6948070083176395
parameter_amb,pt5,0.04,42,0.053784856909001644,0.6936805477376798
parameter_amb,ev,0.06,42,0.06823183389692086,0.7253045588060919
parameter_amb,eu,0.06,42,0.054647710161509724,0.6954111652951989
parameter_amb,pt3,0.06,42,0.05488780299179084,0.6958892492747207
parameter_amb,pt5,0.06,42,0.053765358001085346,0.6936409407918092
parameter_amb,ev,0.08,42,0.06823183389692086,0.7253045588060919
parameter_amb,eu,0.08,42,0.054647710161509724,0.6954111652951989
parameter_amb,pt3,0.08,42,0.05450673744013535,0.6951257884726673
parameter_amb,pt5,0.08,42,0.053577817378258,0.6932655598462817
parameter_amb,ev,0.1,42,0.06823183389692086,0.7253045588060919
parameter_amb,eu,0.1,42,0.054647710161509724,0.6954111652951989
parameter_amb,pt3,0.1,42,0.05470723556985171,0.695527418893541
parameter_amb,pt5,0.1,42,0.05405628890724372,0.6942233616056811
parameter_amb,ev,0.12,42,0.06823183389692086,0.7253045588060919
parameter_amb,eu,0.12,42,0.054647710161509724,0.6954111652951989
parameter_amb,pt3,0.12,42,0.054340450358650795,0.6947928197934458
parameter_amb,pt5,0.12,42,0.05368226234338265,0.6934745801870973
parameter_amb,ev,0.14,42,0.06823183389692086,0.7253045588060919
parameter_amb,eu,0.14,42,0.054647710161509724,0.6954111652951989
parameter_amb,pt3,0.14,42,0.0546275257779158,0.6953677290442762
parameter_amb,pt5,0.14,42,0.054071428520006015,0.6942536776266837
parameter_amb,ev,0.16,42,0.06823183389692086,0.7253045588060919
parameter_amb,eu,0.16,42,0.054647710161509724,0.6954111652951989
parameter_amb,pt3,0.16,42,0.05462798632614989,0.6953686516358966
parameter_amb,pt5,0.16,42,0.053765358001085346,0.6936409407918092
parameter_amb,ev,0.18,42,0.06823183389692086,0.7253045588060919
parameter_amb,eu,0.18,42,0.054647710161509724,0.6954111652951989
parameter_amb,pt3,0.18,42,0.05466677259561585,0.6954463528849272
parameter_amb,pt5,0.18,42,0.053765358001085346,0.6936409407918092
parameter_amb,ev,0.2,42,0.06823183389692086,0.7253045588060919
parameter_amb,eu,0.2,42,0.054647710161509724,0.6954111652951989
parameter_amb,pt3,0.2,42,0.05452555508238031,0.6951634765999718
parameter_amb,pt5,0.2,42,0.05415442026685869,0.6944198720090261
parameter_amb,ev,0.22,42,0.06823183389692086,0.7253045588060919
parameter_amb,eu,0.22,42,0.054647710161509724,0.6954111652951989
parameter_amb,pt3,0.22,42,0.054478485308230226,0.6950692077306652
parameter_amb,pt5,0.22,42,0.05402515735035271,0.6941610244825277
parameter_amb,ev,0.24,42,0.06823183389692086,0.7253045588060919
parameter_amb,eu,0.24,42,0.054647710161509724,0.6954111652951989
parameter_amb,pt3,0.24,42,0.05442571897945133,0.6949635419754187
parameter_amb,pt5,0.24,42,0.054005785693074945,0.6941222362502686
parameter_amb,ev,0.26,42,0.06823183389692086,0.7253045588060919
parameter_amb,eu,0.26,42,0.054647710161509724,0.6954111652951989
parameter_amb,pt3,0.26,42,0.05430590403372758,0.6947236644421206
parameter_amb,pt5,0.26,42,0.05384956652565457,0.6938094688728578
parameter_amb,ev,0.28,42,0.06823183389692086,0.7253045588060919
parameter_amb,eu,0.28,42,0.054647710161509724,0.6954111652951989
parameter_amb,pt3,0.28,42,0.054462802945926966,0.6950378020877898
parameter_amb,pt5,0.28,42,0.054009404582367956,0.6941294823534331
parameter_amb,ev,0.3,42,0.06823183389692086,0.7253045588060919
parameter_amb,eu,0.3,42,0.054647710161509724,0.6954111652951989
parameter_amb,pt3,0.3,42,0.05437746050642672,0.6948669154200415
parameter_amb,pt5,0.3,42,0.05378325448559796,0.6936767241111522
parameter_amb,ev,0.32,42,0.06823183389692086,0.7253045588060919
parameter_amb,eu,0.32,42,0.054647710161509724,0.6954111652951989
parameter_amb,pt3,0.32,42,0.05427284983609697,0.6946575037161065
parameter_amb,pt5,0.32,42,0.053437076363082175,0.6929839757787747
parameter_amb,ev,0.34,42,0.06823183389692086,0.7253045588060919
parameter_amb,eu,0.34,42,0.054647710161509724,0.6954111652951989
parameter_amb,pt3,0.34,42,0.05420730307796949,0.6945263325010911
parameter_amb,pt5,0.34,42,0.05341312262253478,0.6929361015698476
parameter_amb,ev,0.36,42,0.06823183389692086,0.7253045588060919
parameter_amb,eu,0.36,42,0.054647710161509724,0.6954111652951989
parameter_amb,pt3,0.36,42,0.0540156514923582,0.6941432154131667
parameter_amb,pt5,0.36,42,0.05351326011652719,0.6931364596352894
parameter_amb,ev,0.38,42,0.06823183389692086,0.7253045588060919
parameter_amb,eu,0.38,42,0.054647710161509724,0.6954111652951989
parameter_amb,pt3,0.38,42,0.054038168382830355,0.6941881469959126
parameter_amb,pt5,0.38,42,0.05348557288109537,0.6930810628764561
parameter_amb,ev,0.4,42,0.06823183389692086,0.7253045588060919
parameter_amb,eu,0.4,42,0.054647710161509724,0.6954111652951989
parameter_amb,pt3,0.4,42,0.05403512659129725,0.6941820735350013
parameter_amb,pt5,0.4,42,0.05346499899232977,0.6930398989535331
parameter_amb,ev,0.42,42,0.06823183389692086,0.7253045588060919
parameter_amb,eu,0.42,42,0.054647710161509724,0.6954111652951989
parameter_amb,pt3,0.42,42,0.0540135374676226,0.6941390022290538
parameter_amb,pt5,0.42,42,0.053473313329976534,0.6930565341391983
parameter_amb,ev,0.44,42,0.06823183389692086,0.7253045588060919
parameter_amb,eu,0.44,42,0.054647710161509724,0.6954111652951989
parameter_amb,pt3,0.44,42,0.05406302996866306,0.6942378098642138
parameter_amb,pt5,0.44,42,0.05344974806025346,0.6930093850549404
parameter_amb,ev,0.46,42,0.06823183389692086,0.7253045588060919
parameter_amb,eu,0.46,42,0.054647710161509724,0.6954111652951989
parameter_amb,pt3,0.46,42,0.05421584066904654,0.6945434155858805
parameter_amb,pt5,0.46,42,0.05351499181661041,0.693139924464622
parameter_amb,ev,0.48,42,0.06823183389692086,0.7253045588060919
parameter_amb,eu,0.48,42,0.054647710161509724,0.6954111652951989
parameter_amb,pt3,0.48,42,0.05420723014780625,0.6945261865764151
parameter_amb,pt5,0.48,42,0.053500368788926334,0.6931106664831294
parameter_amb,ev,0.5,42,0.06823183389692086,0.7253045588060919
parameter_amb,eu,0.5,42,0.054647710161509724,0.6954111652951989
parameter_amb,pt3,0.5,42,0.05417060261464076,0.6944529065112338
parameter_amb,pt5,0.5,42,0.05345285366687625,0.6930155987398668
parameter_amb,ev,0.52,42,0.06823183389692086,0.7253045588060919
parameter_amb,eu,0.52,42,0.054647710161509724,0.6954111652951989
parameter_amb,pt3,0.52,42,0.05401615949167453,0.6941442280673671
parameter_amb,pt5,0.52,42,0.053509365335184966,0.6931286668755385
parameter_amb,ev,0.54,42,0.06823183389692086,0.7253045588060919
parameter_amb,eu,0.54,42,0.054647710161509724,0.6954111652951989
parameter_amb,pt3,0.54,42,0.05400231633053502,0.6941167508861613
parameter_amb,pt5,0.54,42,0.0535049711008508,0.6931198748271912
parameter_amb,ev,0.56,42,0.06823183389692086,0.7253045588060919
parameter_amb,eu,0.56,42,0.054647710161509724,0.6954111652951989
parameter_amb,pt3,0.56,42,0.054005708120138676,0.694123422494012
parameter_amb,pt5,0.56,42,0.05353044256532333,0.6931708389413739
parameter_amb,ev,0.58,42,0.06823183389692086,0.7253045588060919
parameter_amb,eu,0.58,42,0.054647710161509724,0.6954111652951989
parameter_amb,pt3,0.58,42,0.054005255046978506,0.6941225233453944
parameter_amb,pt5,0.58,42,0.053522808668395726,0.69315556468171
parameter_amb,ev,0.6,42,0.06823183389692086,0.7253045588060919
parameter_amb,eu,0.6,42,0.054647710161509724,0.6954111652951989
parameter_amb,pt3,0.6,42,0.054123991187087904,0.6943596769616945
parameter_amb,pt5,0.6,42,0.05350374556053517,0.6931174227531138
parameter_amb,ev,0.62,42,0.06823183389692086,0.7253045588060919
parameter_amb,eu,0.62,42,0.054647710161509724,0.6954111652951989
parameter_amb,pt3,0.62,42,0.05410962995503886,0.6943309596017352
parameter_amb,pt5,0.62,42,0.05350659408551141,0.6931231221153826
parameter_amb,ev,0.64,42,0.06823183389692086,0.7253045588060919
parameter_amb,eu,0.64,42,0.054647710161509724,0.6954111652951989
parameter_amb,pt3,0.64,42,0.05411861009361869,0.6943489162303759
parameter_amb,pt5,0.64,42,0.05354019734364459,0.6931903569226454
parameter_amb,ev,0.66,42,0.06823183389692086,0.7253045588060919
parameter_amb,eu,0.66,42,0.054647710161509724,0.6954111652951989
parameter_amb,pt3,0.66,42,0.05414804889919491,0.6944077918484379
parameter_amb,pt5,0.66,42,0.05355161325079286,0.6932131988442756
parameter_amb,ev,0.68,42,0.06823183389692086,0.7253045588060919
parameter_amb,eu,0.68,42,0.054647710161509724,0.6954111652951989
parameter_amb,pt3,0.68,42,0.05407096478985031,0.6942536663615543
parameter_amb,pt5,0.68,42,0.05356613709296287,0.6932422598016089
parameter_amb,ev,0.7,42,0.06823183389692086,0.7253045588060919
parameter_amb,eu,0.7,42,0.054647710161509724,0.6954111652951989
parameter_amb,pt3,0.7,42,0.05408015764759765,0.6942720395643244
parameter_amb,pt5,0.7,42,0.05358752246427671,0.6932850509921108
parameter_amb,ev,0.72,42,0.06823183389692086,0.7253045588060919
parameter_amb,eu,0.72,42,0.054647710161509724,0.6954111652951989
parameter_amb,pt3,0.72,42,0.05411050202532308,0.6943327033181111
parameter_amb,pt5,0.72,42,0.053589298252422986,0.6932886043169694
parameter_amb,ev,0.74,42,0.06823183389692086,0.7253045588060919
parameter_amb,eu,0.74,42,0.054647710161509724,0.6954111652951989
parameter_amb,pt3,0.74,42,0.05413492777084871,0.6943815487306775
parameter_amb,pt5,0.74,42,0.05361224521970563,0.6933345215757488
parameter_amb,ev,0.76,42,0.06823183389692086,0.7253045588060919
parameter_amb,eu,0.76,42,0.054647710161509724,0.6954111652951989
parameter_amb,pt3,0.76,42,0.05421463485851375,0.6945410028047775
parameter_amb,pt5,0.76,42,0.053636008323505575,0.6933820734151332
parameter_amb,ev,0.78,42,0.06823183389692086,0.7253045588060919
parameter_amb,eu,0.78,42,0.054647710161509724,0.6954111652951989
parameter_amb,pt3,0.78,42,0.05414666778630497,0.6944050294093248
parameter_amb,pt5,0.78,42,0.05364980993714845,0.693409692245056
parameter_amb,ev,0.8,42,0.06823183389692086,0.7253045588060919
parameter_amb,eu,0.8,42,0.054647710161509724,0.6954111652951989
parameter_amb,pt3,0.8,42,0.05415252893239358,0.6944167527969164
parameter_amb,pt5,0.8,42,0.05365765469057489,0.6934253908599038
parameter_amb,ev,0.82,42,0.06823183389692086,0.7253045588060919
parameter_amb,eu,0.82,42,0.054647710161509724,0.6954111652951989
parameter_amb,pt3,0.82,42,0.05405534083433645,0.6942224467622504
parameter_amb,pt5,0.82,42,0.053648948803667114,0.6934079689889255
parameter_amb,ev,0.84,42,0.06823183389692086,0.7253045588060919
parameter_amb,eu,0.84,42,0.054647710161509724,0.6954111652951989
parameter_amb,pt3,0.84,42,0.054121086684467565,0.6943538686766105
parameter_amb,pt5,0.84,42,0.05363010468564625,0.6933702596274709
parameter_amb,ev,0.86,42,0.06823183389692086,0.7253045588060919
parameter_amb,eu,0.86,42,0.054647710161509724,0.6954111652951989
parameter_amb,pt3,0.86,42,0.0541485668158978,0.694408827769032
parameter_amb,pt5,0.86,42,0.0536384174925275,0.6933868944383355
parameter_amb,ev,0.88,42,0.06823183389692086,0.7253045588060919
parameter_amb,eu,0.88,42,0.054647710161509724,0.6954111652951989
parameter_amb,pt3,0.88,42,0.05401124918107041,0.6941344438648231
parameter_amb,pt5,0.88,42,0.05367685323556792,0.6934638109841955
parameter_amb,ev,0.9,42,0.06823183389692086,0.7253045588060919
parameter_amb,eu,0.9,42,0.054647710161509724,0.6954111652951989
parameter_amb,pt3,0.9,42,0.05402269259690796,0.6941577897118951
parameter_amb,pt5,0.9,42,0.05364863271990926,0.6934073364588563
parameter_amb,ev,0.92,42,0.06823183389692086,0.7253045588060919
parameter_amb,eu,0.92,42,0.054647710161509724,0.6954111652951989
parameter_amb,pt3,0.92,42,0.054018340588837296,0.6941490504089318
parameter_amb,pt5,0.92,42,0.053649531522222786,0.6934091350951653
parameter_amb,ev,0.94,42,0.06823183389692086,0.7253045588060919
parameter_amb,eu,0.94,42,0.054647710161509724,0.6954111652951989
parameter_amb,pt3,0.94,42,0.054023874852382144,0.6941601632338624
parameter_amb,pt5,0.94,42,0.053636826502610556,0.6933837106834414
parameter_amb,ev,0.96,42,0.06823183389692086,0.7253045588060919
parameter_amb,eu,0.96,42,0.054647710161509724,0.6954111652951989
parameter_amb,pt3,0.96,42,0.05402657566003518,0.6941655846872092
parameter_amb,pt5,0.96,42,0.053607300069777125,0.6933246261332208
parameter_amb,ev,0.98,42,0.06823183389692086,0.7253045588060919
parameter_amb,eu,0.98,42,0.054647710161509724,0.6954111652951989
parameter_amb,pt3,0.98,42,0.05401973554998003,0.6941518520467072
parameter_amb,pt5,0.98,42,0.053597545052274764,0.6933051061419694
parameter_amb,ev,1.0,42,0.06823183389692086,0.7253045588060919
parameter_amb,eu,1.0,42,0.054647710161509724,0.6954111652951989
parameter_amb,pt3,1.0,42,0.054017941563875606,0.6941482489272156
parameter_amb,pt5,1.0,42,0.05360048898644309,0.6933109969888535
parameter_ev_extreme,ev,0.02,42,0.07099112187176325,0.7382803868530771
parameter_ev_extreme,eu,0.02,42,0.05088037978888617,0.6937049508295661
parameter_ev_extreme,pt3,0.02,42,0.05094272384200917,0.6938284607580536
parameter_ev_extreme,pt5,0.02,42,0.0506585103676615,0.693259918273868
parameter_ev_extreme,ev,0.04,42,0.07099112187176325,0.7382803868530771
parameter_ev_extreme,eu,0.04,42,0.05088037978888617,0.6937049508295661
parameter_ev_extreme,pt3,0.04,42,0.0508698909397291,0.6936828841120024
parameter_ev_extreme,pt5,0.04,42,0.050629348813873556,0.6932015698022459
parameter_ev_extreme,ev,0.06,42,0.07099112187176325,0.7382803868530771
parameter_ev_extreme,eu,0.06,42,0.05088037978888617,0.6937049508295661
parameter_ev_extreme,pt3,0.06,42,0.05129804563763493,0.6945399700899717
parameter_ev_extreme,pt5,0.06,42,0.050656592149904055,0.6932560984557153
parameter_ev_extreme,ev,0.08,42,0.07099112187176325,0.7382803868530771
parameter_ev_extreme,eu,0.08,42,0.05088037978888617,0.6937049508295661
parameter_ev_extreme,pt3,0.08,42,0.05088037978888617,0.6937049508295661
parameter_ev_extreme,pt5,0.08,42,0.050656592149904055,0.6932560984557153
parameter_ev_extreme,ev,0.1,42,0.07099112187176325,0.7382803868530771
parameter_ev_extreme,eu,0.1,42,0.05088037978888617,0.6937049508295661
parameter_ev_extreme,pt3,0.1,42,0.050915771656617974,0.6937745783638946
parameter_ev_extreme,pt5,0.1,42,0.050604404214277095,0.6931518592978393
parameter_ev_extreme,ev,0.12,42,0.07099112187176325,0.7382803868530771
parameter_ev_extreme,eu,0.12,42,0.05088037978888617,0.6937049508295661
parameter_ev_extreme,pt3,0.12,42,0.05095411523193524,0.6938512382324508
parameter_ev_extreme,pt5,0.12,42,0.050606086309227714,0.69315534735032
parameter_ev_extreme,ev,0.14,42,0.07099112187176325,0.7382803868530771
parameter_ev_extreme,eu,0.14,42,0.05088037978888617,0.6937049508295661
parameter_ev_extreme,pt3,0.14,42,0.0509669034684909,0.6938768115898775
parameter_ev_extreme,pt5,0.14,42,0.050644066446749486,0.6932313290506008
parameter_ev_extreme,ev,0.16,42,0.07099112187176325,0.7382803868530771
parameter_ev_extreme,eu,0.16,42,0.05088037978888617,0.6937049508295661
parameter_ev_extreme,pt3,0.16,42,0.05110198829228555,0.6941471285251071
parameter_ev_extreme,pt5,0.16,42,0.050666578675050415,0.693276340880796
parameter_ev_extreme,ev,0.18,42,0.07099112187176325,0.7382803868530771
parameter_ev_extreme,eu,0.18,42,0.05088037978888617,0.6937049508295661
parameter_ev_extreme,pt3,0.18,42,0.05099220320971879,0.6939274137706275
parameter_ev_extreme,pt5,0.18,42,0.05065121396364666,0.6932456212930758
parameter_ev_extreme,ev,0.2,42,0.07099112187176325,0.7382803868530771
parameter_ev_extreme,eu,0.2,42,0.05088037978888617,0.6937049508295661
parameter_ev_extreme,pt3,0.2,42,0.05098171946664636,0.6939064437391518
parameter_ev_extreme,pt5,0.2,42,0.05067494813685293,0.6932930726623481
parameter_ev_extreme,ev,0.22,42,0.07099112187176325,0.7382803868530771
parameter_ev_extreme,eu,0.22,42,0.05088037978888617,0.6937049508295661
parameter_ev_extreme,pt3,0.22,42,0.05094826969793091,0.69383954958968
parameter_ev_extreme,pt5,0.22,42,0.05068933700110393,0.6933218428877265
parameter_ev_extreme,ev,0.24,42,0.07099112187176325,0.7382803868530771
parameter_ev_extreme,eu,0.24,42,0.05088037978888617,0.6937049508295661
parameter_ev_extreme,pt3,0.24,42,0.050951812167968756,0.6938466329851377
parameter_ev_extreme,pt5,0.24,42,0.050691799622111997,0.6933267583133779
parameter_ev_extreme,ev,0.26,42,0.07099112187176325,0.7382803868530771
parameter_ev_extreme,eu,0.26,42,0.05088037978888617,0.6937049508295661
parameter_ev_extreme,pt3,0.26,42,0.050918556354729146,0.6937801448805395
parameter_ev_extreme,pt5,0.26,42,0.05065645822627113,0.6932561122834826
parameter_ev_extreme,ev,0.28,42,0.07099112187176325,0.7382803868530771
parameter_ev_extreme,eu,0.28,42,0.05088037978888617,0.6937049508295661
parameter_ev_extreme,pt3,0.28,42,0.05093821613806666,0.6938194481058892
parameter_ev_extreme,pt5,0.28,42,0.05066264672489569,0.693268479934047
parameter_ev_extreme,ev,0.3,42,0.07099112187176325,0.7382803868530771
parameter_ev_extreme,eu,0.3,42,0.05088037978888617,0.6937049508295661
parameter_ev_extreme,pt3,0.3,42,0.050948509129771474,0.6938400283417067
parameter_ev_extreme,pt5,0.3,42,0.05064834172115437,0.6932398780844928
parameter_ev_extreme,ev,0.32,42,0.07099112187176325,0.7382803868530771
parameter_ev_extreme,eu,0.32,42,0.05088037978888617,0.6937049508295661
parameter_ev_extreme,pt3,0.32,42,0.0508803780799512,0.6937038398000961
parameter_ev_extreme,pt5,0.32,42,0.05062766742371914,0.6931985315540643
parameter_ev_extreme,ev,0.34,42,0.07099112187176325,0.7382803868530771
parameter_ev_extreme,eu,0.34,42,0.05088037978888617,0.6937049508295661
parameter_ev_extreme,pt3,0.34,42,0.05089602208318558,0.6937351036105726
parameter_ev_extreme,pt5,0.34,42,0.050621439521448416,0.6931860730574964
parameter_ev_extreme,ev,0.36,42,0.07099112187176325,0.7382803868530771
parameter_ev_extreme,eu,0.36,42,0.05088037978888617,0.6937049508295661
parameter_ev_extreme,pt3,0.36,42,0.05088431919949154,0.693711715542353
parameter_ev_extreme,pt5,0.36,42,0.05061586139465792,0.6931749124223067
parameter_ev_extreme,ev,0.38,42,0.07099112187176325,0.7382803868530771
parameter_ev_extreme,eu,0.38,42,0.05088037978888617,0.6937049508295661
parameter_ev_extreme,pt3,0.38,42,0.050919171272172103,0.6937813740983523
parameter_ev_extreme,pt5,0.38,42,0.05062326686319926,0.6931897287429066
parameter_ev_extreme,ev,0.4,42,0.07099112187176325,0.7382803868530771
parameter_ev_extreme,eu,0.4,42,0.05088037978888617,0.6937049508295661
parameter_ev_extreme,pt3,0.4,42,0.05095643734972986,0.6938558816788005
parameter_ev_extreme,pt5,0.4,42,0.05064717026249805,0.6932375356295255
parameter_ev_extreme,ev,0.42,42,0.07099112187176325,0.7382803868530771
parameter_ev_extreme,eu,0.42,42,0.05088037978888617,0.6937049508295661
parameter_ev_extreme,pt3,0.42,42,0.05093384685879558,0.6938107125724707
parameter_ev_extreme,pt5,0.42,42,0.05065173882288723,0.6932466707571312
parameter_ev_extreme,ev,0.44,42,0.07099112187176325,0.7382803868530771
parameter_ev_extreme,eu,0.44,42,0.05088037978888617,0.6937049508295661
parameter_ev_extreme,pt3,0.44,42,0.0509615195513569,0.6938660447006607
parameter_ev_extreme,pt5,0.44,42,0.05066602509952807,0.693275234162015
parameter_ev_extreme,ev,0.46,42,0.07099112187176325,0.7382803868530771
parameter_ev_extreme,eu,0.46,42,0.05088037978888617,0.6937049508295661
parameter_ev_extreme,pt3,0.46,42,0.05097298796889067,0.693888980164776
parameter_ev_extreme,pt5,0.46,42,0.05066616980722104,0.6932755234649128
parameter_ev_extreme,ev,0.48,42,0.07099112187176325,0.7382803868530771
parameter_ev_extreme,eu,0.48,42,0.05088037978888617,0.6937049508295661
parameter_ev_extreme,pt3,0.48,42,0.05096342497414671,0.693869855150791
parameter_ev_extreme,pt5,0.48,42,0.0506673152030037,0.6932778133534788
parameter_ev_extreme,ev,0.5,42,0.07099112187176325,0.7382803868530771
parameter_ev_extreme,eu,0.5,42,0.05088037978888617,0.6937049508295661
parameter_ev_extreme,pt3,0.5,42,0.050987856472448384,0.6939187189960568
parameter_ev_extreme,pt5,0.5,42,0.050666604069695684,0.6932763916501311
parameter_ev_extreme,ev,0.52,42,0.07099112187176325,0.7382803868530771
parameter_ev_extreme,eu,0.52,42,0.05088037978888617,0.6937049508295661
parameter_ev_extreme,pt3,0.52,42,0.05098668100896165,0.6939163677770336
parameter_ev_extreme,pt5,0.52,42,0.05064237936809888,0.6932279553552435
parameter_ev_extreme,ev,0.54,42,0.07099112187176325,0.7382803868530771
parameter_ev_extreme,eu,0.54,42,0.05088037978888617,0.6937049508295661
parameter_ev_extreme,pt3,0.54,42,0.050977754403147495,0.6938985131755059
parameter_ev_extreme,pt5,0.54,42,0.05065367154421157,0.6932505352086309
parameter_ev_extreme,ev,0.56,42,0.07099112187176325,0.7382803868530771
parameter_ev_extreme,eu,0.56,42,0.05088037978888617,0.6937049508295661
parameter_ev_extreme,pt3,0.56,42,0.05099375514740585,0.6939305181940103
parameter_ev_extreme,pt5,0.56,42,0.05065563274040975,0.6932544565107438
parameter_ev_extreme,ev,0.58,42,0.07099112187176325,0.7382803868530771
parameter_ev_extreme,eu,0.58,42,0.05088037978888617,0.6937049508295661
parameter_ev_extreme,pt3,0.58,42,0.050966800908243876,0.6938766064824017
parameter_ev_extreme,pt5,0.58,42,0.05064296348750193,0.6932291234431996
parameter_ev_extreme,ev,0.6,42,0.07099112187176325,0.7382803868530771
parameter_ev_extreme,eu,0.6,42,0.05088037978888617,0.6937049508295661
parameter_ev_extreme,pt3,0.6,42,0.05097312101797593,0.6938892462612453
parameter_ev_extreme,pt5,0.6,42,0.05064937332979034,0.6932419408662839
parameter_ev_extreme,ev,0.62,42,0.07099112187176325,0.7382803868530771
parameter_ev_extreme,eu,0.62,42,0.05088037978888617,0.6937049508295661
parameter_ev_extreme,pt3,0.62,42,0.05095759809162686,0.6938582028052384
parameter_ev_extreme,pt5,0.62,42,0.05064220101390237,0.6932275986909618
parameter_ev_extreme,ev,0.64,42,0.07099112187176325,0.7382803868530771
parameter_ev_extreme,eu,0.64,42,0.05088037978888617,0.6937049508295661
parameter_ev_extreme,pt3,0.64,42,0.05094954507183352,0.6938420997548569
parameter_ev_extreme,pt5,0.64,42,0.0506314400892894,0.6932060776255421
parameter_ev_extreme,ev,0.66,42,0.07099112187176325,0.7382803868530771
parameter_ev_extreme,eu,0.66,42,0.05088037978888617,0.6937049508295661
parameter_ev_extreme,pt3,0.66,42,0.050935872186748346,0.6938147617828402
parameter_ev_extreme,pt5,0.66,42,0.05062989742660949,0.6932029920699927
parameter_ev_extreme,ev,0.68,42,0.07099112187176325,0.7382803868530771
parameter_ev_extreme,eu,0.68,42,0.05088037978888617,0.6937049508295661
parameter_ev_extreme,pt3,0.68,42,0.05092133930493952,0.6937857080425922
parameter_ev_extreme,pt5,0.68,42,0.050624832535321296,0.6931928607997138
parameter_ev_extreme,ev,0.7,42,0.07099112187176325,0.7382803868530771
parameter_ev_extreme,eu,0.7,42,0.05088037978888617,0.6937049508295661
parameter_ev_extreme,pt3,0.7,42,0.0509159794495529,0.6937749937300819
parameter_ev_extreme,pt5,0.7,42,0.0506277628997379,0.6931987225324369
parameter_ev_extreme,ev,0.72,42,0.07099112187176325,0.7382803868530771
parameter_ev_extreme,eu,0.72,42,0.05088037978888617,0.6937049508295661
parameter_ev_extreme,pt3,0.72,42,0.050940990877149046,0.6938249958438094
parameter_ev_extreme,pt5,0.72,42,0.05063123733705568,0.6932056720963103
parameter_ev_extreme,ev,0.74,42,0.07099112187176325,0.7382803868530771
parameter_ev_extreme,eu,0.74,42,0.05088037978888617,0.6937049508295661
parameter_ev_extreme,pt3,0.74,42,0.05092835673362348,0.6937997366159389
parameter_ev_extreme,pt5,0.74,42,0.050627036277550275,0.6931972690771547
parameter_ev_extreme,ev,0.76,42,0.07099112187176325,0.7382803868530771
parameter_ev_extreme,eu,0.76,42,0.05088037978888617,0.6937049508295661
parameter_ev_extreme,pt3,0.76,42,0.0509247022749513,0.6937924308599587
parameter_ev_extreme,pt5,0.76,42,0.05062775415781964,0.6931987050462062
parameter_ev_extreme,ev,0.78,42,0.07099112187176325,0.7382803868530771
parameter_ev_extreme,eu,0.78,42,0.05088037978888617,0.6937049508295661
parameter_ev_extreme,pt3,0.78,42,0.050915270034027196,0.6937735756522305
parameter_ev_extreme,pt5,0.78,42,0.05062792064883939,0.6931990380732488
parameter_ev_extreme,ev,0.8,42,0.07099112187176325,0.7382803868530771
parameter_ev_extreme,eu,0.8,42,0.05088037978888617,0.6937049508295661
parameter_ev_extreme,pt3,0.8,42,0.05090313654673049,0.693749322952451
parameter_ev_extreme,pt5,0.8,42,0.050620864290921934,0.6931849222406519
parameter_ev_extreme,ev,0.82,42,0.07099112187176325,0.7382803868530771
parameter_ev_extreme,eu,0.82,42,0.05088037978888617,0.6937049508295661
parameter_ev_extreme,pt3,0.82,42,0.05090713554717842,0.6937573159587894
parameter_ev_extreme,pt5,0.82,42,0.05061894198926604,0.6931810762973468
parameter_ev_extreme,ev,0.84,42,0.07099112187176325,0.7382803868530771
parameter_ev_extreme,eu,0.84,42,0.05088037978888617,0.6937049508295661
parameter_ev_extreme,pt3,0.84,42,0.05091659538616151,0.6937762249566743
parameter_ev_extreme,pt5,0.84,42,0.05062462379966878,0.6931924432408176
parameter_ev_extreme,ev,0.86,42,0.07099112187176325,0.7382803868530771
parameter_ev_extreme,eu,0.86,42,0.05088037978888617,0.6937049508295661
parameter_ev_extreme,pt3,0.86,42,0.050917832517356744,0.6937786979408878
parameter_ev_extreme,pt5,0.86,42,0.05062409369304614,0.6931913827950068
parameter_ev_extreme,ev,0.88,42,0.07099112187176325,0.7382803868530771
parameter_ev_extreme,eu,0.88,42,0.05088037978888617,0.6937049508295661
parameter_ev_extreme,pt3,0.88,42,0.05091509089981337,0.6937732175754211
parameter_ev_extreme,pt5,0.88,42,0.050618803250895725,0.6931807987144676
parameter_ev_extreme,ev,0.9,42,0.07099112187176325,0.7382803868530771
parameter_ev_extreme,eu,0.9,42,0.05088037978888617,0.6937049508295661
parameter_ev_extreme,pt3,0.9,42,0.050912842875266956,0.6937687239799185
parameter_ev_extreme,pt5,0.9,42,0.05061638620395241,0.693175962549614
parameter_ev_extreme,ev,0.92,42,0.07099112187176325,0.7382803868530771
parameter_ev_extreme,eu,0.92,42,0.05088037978888617,0.6937049508295661
parameter_ev_extreme,pt3,0.92,42,0.05091814677746183,0.6937793261407934
parameter_ev_extreme,pt5,0.92,42,0.05062095691241149,0.6931851075422766
parameter_ev_extreme,ev,0.94,42,0.07099112187176325,0.7382803868530771
parameter_ev_extreme,eu,0.94,42,0.05088037978888617,0.6937049508295661
parameter_ev_extreme,pt3,0.94,42,0.050907740385905606,0.693758524905573
parameter_ev_extreme,pt5,0.94,42,0.0506212067842779,0.6931856074416126
parameter_ev_extreme,ev,0.96,42,0.07099112187176325,0.7382803868530771
parameter_ev_extreme,eu,0.96,42,0.05088037978888617,0.6937049508295661
parameter_ev_extreme,pt3,0.96,42,0.05090007311417283,0.6937432001051315
parameter_ev_extreme,pt5,0.96,42,0.05061600010368429,0.6931751899769881
parameter_ev_extreme,ev,0.98,42,0.07099112187176325,0.7382803868530771
parameter_ev_extreme,eu,0.98,42,0.05088037978888617,0.6937049508295661
parameter_ev_extreme,pt3,0.98,42,0.050899879072995015,0.6937428122828537
parameter_ev_extreme,pt5,0.98,42,0.050616095757502914,0.6931753813779292
parameter_ev_extreme,ev,1.0,42,0.07099112187176325,0.7382803868530771
parameter_ev_extreme,eu,1.0,42,0.05088037978888617,0.6937049508295661
parameter_ev_extreme,pt3,1.0,42,0.05089097120695661,0.6937250092035139
parameter_ev_extreme,pt5,1.0,42,0.05061355143750856,0.6931702899876374
